SID,WORD,POS,Vowel_Type,Stressed_Vowel
1,abolish,v.,Monophthong,/ ɑ /
2,abortion,n.,Monophthong,/ ɔ /
3,absence,n.,Monophthong,/ æ /
4,absent,adj.,Monophthong,/ æ /
5,absurd,adj.,Monophthong,/ ɝ /
6,abundance,n.,Monophthong,/ ʌ /
7,abuse,n.,Monophthong,/ u /
8,abuse,v.,Monophthong,/ u /
9,academy,n.,Monophthong,/ æ /
10,accelerate,v.,Monophthong,/ ɛ /
11,acceptance,n.,Monophthong,/ ɛ /
12,accessible,adj.,Monophthong,/ ɛ /
13,accomplishment,n.,Monophthong,/ ɑ /
14,accordance,n.,Monophthong,/ ɔ /
15,accordingly,adv.,Monophthong,/ ɔ /
16,accountability,n.,Monophthong,/ ɪ /
17,accountable,adj.,Diphthong,/ aʊ
18,accumulate,v.,Monophthong,/ u /
19,accumulation,n.,Diphthong,/ eɪ /
20,accusation,n.,Diphthong,/ eɪ /
21,accused,n.,Monophthong,/ u /
22,acid,adj.,Monophthong,/ æ /
23,acquisition,n.,Monophthong,/ ɪ /
24,acre,n.,Diphthong,/ eɪ /
25,activation,n.,Diphthong,/ eɪ /
26,activist,n.,Monophthong,/ æ /
27,acute,adj.,Monophthong,/ u /
28,adaptation,n.,Diphthong,/ eɪ /
29,adhere,v.,Monophthong,/ ɪ /
30,adjacent,adj.,Diphthong,/ eɪ /
31,adjustment,n.,Monophthong,/ ʌ /
32,administer,v.,Monophthong,/ ɪ /
33,administrative,adj.,Monophthong,/ ɪ /
34,administrator,n.,Monophthong,/ ɪ /
35,admission,n.,Monophthong,/ ɪ /
36,adolescent,n.,Monophthong,/ ɛ /
37,adoption,n.,Monophthong,/ ɑ /
38,adverse,adj.,Monophthong,/ ɝ /
39,advocate,n.,Monophthong,/ æ /
40,advocate,v.,Monophthong,/ æ /
41,aesthetic,adj.,Monophthong,/ ɛ /
42,affection,n.,Monophthong,/ ɛ /
43,aftermath,n.,Monophthong,/ æ /
44,aggression,n.,Monophthong,/ ɛ /
45,agricultural,adj.,Monophthong,/ æ /
46,aide,n.,Diphthong,/ eɪ /
47,albeit,conj.,Monophthong,/ i /
48,alert,v.,Monophthong,/ ɝ /
49,alert,n.,Monophthong,/ ɝ /
50,alien,adj.,Diphthong,/ eɪ /
51,align,v.,Diphthong,/ aɪ /
52,alignment,n.,Diphthong,/ aɪ /
53,alike,adv.,Diphthong,/ aɪ /
54,alike,adj.,Diphthong,/ aɪ /
55,allegation,n.,Diphthong,/ eɪ /
56,allege,v.,Monophthong,/ ɛ /
57,allegedly,adv.,Monophthong,/ ɛ /
58,alliance,n.,Diphthong,/ aɪ /
59,allocate,v.,Monophthong,/ æ /
60,allocation,n.,Diphthong,/ eɪ /
61,allowance,n.,Diphthong,/ aʊ
62,ally,n.,Monophthong,/ æ /
63,aluminium,n.,Monophthong,/ ɪ /
64,amateur,n.,Monophthong,/ æ /
65,ambassador,n.,Monophthong,/ æ /
66,amend,v.,Monophthong,/ ɛ /
67,amendment,n.,Monophthong,/ ɛ /
68,amid,prep.,Monophthong,/ ɪ /
69,analogy,n.,Monophthong,/ æ /
70,anchor,n.,Monophthong,/ æ /
71,angel,n.,Diphthong,/ eɪ /
72,anonymous,adj.,Monophthong,/ ɑ /
73,apparatus,n.,Monophthong,/ æ /
74,appealing,adj.,Monophthong,/ i /
75,appetite,n.,Monophthong,/ æ /
76,applaud,v.,Monophthong,/ ɔ /
77,applicable,adj.,Monophthong,/ ɪ /
78,appoint,v.,Diphthong,/ ɔɪ /
79,appreciation,n.,Diphthong,/ eɪ /
80,arbitrary,adj.,Monophthong,/ ɑ /
81,architectural,adj.,Monophthong,/ ɛ /
82,archive,n.,Monophthong,/ ɑ /
83,arena,n.,Monophthong,/ i /
84,arguably,adv.,Monophthong,/ ɑ /
85,arm,v.,Monophthong,/ ɑ /
86,array,n.,Diphthong,/ eɪ /
87,articulate,v.,Monophthong,/ ɪ /
88,ash,n.,Monophthong,/ æ /
89,aspiration,n.,Diphthong,/ eɪ /
90,aspire,v.,Diphthong,/ aɪ /
91,assassination,n.,Diphthong,/ eɪ /
92,assault,n.,Monophthong,/ ɔ /
93,assault,v.,Monophthong,/ ɔ /
94,assemble,v.,Monophthong,/ ɛ /
95,assembly,n.,Monophthong,/ ɛ /
96,assert,v.,Monophthong,/ ɝ /
97,assertion,n.,Monophthong,/ ɝ /
,,,,
98,assurance,n.,Monophthong,/ ʊ /
99,asylum,n.,Diphthong,/ aɪ /
100,atrocity,n.,Monophthong,/ ɑ /
101,attain,v.,Diphthong,/ eɪ /
102,attendance,n.,Monophthong,/ ɛ /
103,attorney,n.,Monophthong,/ ɝ /
104,attribute,v.,Monophthong,/ ɪ /
105,attribute,n.,Monophthong,/ æ /
106,audit,n.,Monophthong,/ ɔ /
107,authentic,adj.,Monophthong,/ ɛ /
108,authorize,v.,Monophthong,/ ɔ /
109,auto,n.,Monophthong,/ ɔ /
110,autonomy,n.,Monophthong,/ ɑ /
111,availability,n.,Monophthong,/ ɪ /
112,await,v.,Diphthong,/ eɪ /
113,backdrop,n.,Monophthong,/ æ /
114,backing,n.,Monophthong,/ æ /
115,backup,n.,Monophthong,/ æ /
116,bail,n.,Diphthong,/ eɪ /
117,ballot,n.,Monophthong,/ æ /
118,banner,n.,Monophthong,/ æ /
119,bare,adj.,Monophthong,/ ɛ /
120,barrel,n.,Monophthong,/ æ /
121,bass1,n.,Diphthong,/ eɪ /
122,bat,v.,Monophthong,/ æ /
123,battlefield,n.,Monophthong,/ æ /
124,bay,n.,Diphthong,/ eɪ /
125,beam,n.,Monophthong,/ i /
126,beast,n.,Monophthong,/ i /
127,behalf,n.,Monophthong,/ æ /
128,beloved,adj.,Monophthong,/ ʌ /
129,bench,n.,Monophthong,/ ɛ /
130,benchmark,n.,Monophthong,/ ɛ /
131,beneath,prep.,Monophthong,/ i /
132,beneficiary,n.,Monophthong,/ ɪ /
133,betray,v.,Diphthong,/ eɪ /
134,bind,v.,Diphthong,/ aɪ /
135,biography,n.,Monophthong,/ ɑ /
136,bishop,n.,Monophthong,/ ɪ /
137,bizarre,adj.,Monophthong,/ ɑ /
138,blade,n.,Diphthong,/ eɪ /
139,blast,n.,Monophthong,/ æ /
140,blast,v.,Monophthong,/ æ /
141,bleed,v.,Monophthong,/ i /
142,blend,v.,Monophthong,/ ɛ /
143,blend,n.,Monophthong,/ ɛ /
144,bless,v.,Monophthong,/ ɛ /
145,blessing,n.,Monophthong,/ ɛ /
146,boast,v.,Diphthong,/ oʊ /
147,bonus,n.,Diphthong,/ oʊ /
148,boom,n.,Monophthong,/ u /
149,bounce,v.,Diphthong,/ aʊ
150,boundary,n.,Diphthong,/ aʊ
151,bow1,v.,Diphthong,/ aʊ
152,bow1,n.,Diphthong,/ aʊ
153,breach,n.,Monophthong,/ i /
154,breach,v.,Monophthong,/ i /
155,breakdown,n.,Diphthong,/ aʊ
156,breakthrough,n.,Diphthong,/ eɪ /
157,breed,v.,Monophthong,/ i /
158,breed,n.,Monophthong,/ i /
159,broadband,n.,Monophthong,/ ɔ /
160,browser,n.,Diphthong,/ aʊ
161,brutal,adj.,Monophthong,/ u /
162,buck,n.,Monophthong,/ ʌ /
163,buddy,n.,Monophthong,/ ʌ /
164,buffer,n.,Monophthong,/ ʌ /
165,bulk,n.,Monophthong,/ ʌ /
166,burden,n.,Monophthong,/ ɝ /
167,bureaucracy,n.,Monophthong,/ ɑ /
168,burial,n.,Monophthong,/ ɛ /
169,burst,v.,Monophthong,/ ɝ /
170,cabinet,n.,Monophthong,/ æ /
171,calculation,n.,Diphthong,/ eɪ /
172,canvas,n.,Monophthong,/ æ /
173,capability,n.,Monophthong,/ ɪ /
174,capitalism,n.,Monophthong,/ æ /
175,capitalist,adj.,Monophthong,/ æ /
176,cargo,n.,Monophthong,/ ɑ /
177,carriage,n.,Monophthong,/ æ /
178,carve,v.,Monophthong,/ ɑ /
179,casino,n.,Monophthong,/ i /
180,casualty,n.,Monophthong,/ æ /
181,catalogue,n.,Monophthong,/ æ /
182,cater,v.,Diphthong,/ eɪ /
183,cattle,n.,Monophthong,/ æ /
184,caution,n.,Monophthong,/ ɔ /
185,cautious,adj.,Monophthong,/ ɔ /
186,cease,v.,Monophthong,/ i /
187,cemetery,n.,Monophthong,/ ɛ /
188,chamber,n.,Diphthong,/ eɪ /
189,chaos,n.,Diphthong,/ eɪ /
190,characterize,v.,Monophthong,/ æ /
191,charm,n.,Monophthong,/ ɑ /
192,charter,n.,Monophthong,/ ɑ /
193,chronic,adj.,Monophthong,/ ɑ /
194,chunk,n.,Monophthong,/ ʌ /
195,circulate,v.,Monophthong,/ ɝ /
196,circulation,n.,Diphthong,/ eɪ /
197,citizenship,n.,Monophthong,/ ɪ /
198,civic,adj.,Monophthong,/ ɪ /
199,civilian,n.,Monophthong,/ ɪ /
200,clarity,n.,Monophthong,/ æ /
201,clash,n.,Monophthong,/ æ /
202,classification,n.,Diphthong,/ eɪ /
203,cling,v.,Monophthong,/ ɪ /
204,clinical,adj.,Monophthong,/ ɪ /
205,closure,n.,Diphthong,/ oʊ /
206,cluster,n.,Monophthong,/ ʌ /
207,coalition,n.,Monophthong,/ ɪ /
208,coastal,adj.,Diphthong,/ oʊ /
209,cocktail,n.,Monophthong,/ ɑ /
210,cognitive,adj.,Monophthong,/ ɑ /
211,coincide,v.,Monophthong,/ ɔ /
212,collaborate,v.,Diphthong,/ æ /
213,collaboration,n.,Diphthong,/ eɪ /
214,collective,adj.,Monophthong,/ ɛ /
215,collision,n.,Monophthong,/ ɪ /
216,colonial,adj.,Diphthong,/ oʊ /
217,columnist,n.,Monophthong,/ ɑ /
218,combat,n.,Monophthong,/ ɑ /
219,combat,v.,Monophthong,/ ɑ /
220,commence,v.,Monophthong,/ ɛ /
221,commentary,n.,Monophthong,/ ɑ /
222,commentator,n.,Monophthong,/ ɑ /
223,commerce,n.,Monophthong,/ ɑ /
224,commissioner,n.,Monophthong,/ ɪ /
225,commodity,n.,Monophthong,/ ɑ /
226,communist,adj.,Monophthong,/ ɑ /
227,companion,n.,Monophthong,/ æ /
228,comparable,adj.,Monophthong,/ ɑ /
229,compassion,n.,Monophthong,/ æ /
230,compel,v.,Monophthong,/ ɛ /
231,compelling,adj.,Monophthong,/ ɛ /
232,compensate,v.,Monophthong,/ ɑ /
233,compensation,n.,Diphthong,/ eɪ /
234,competence,n.,Monophthong,/ ɑ /
235,competent,adj.,Monophthong,/ ɑ /
236,compile,v.,Diphthong,/ aɪ /
237,complement,v.,Monophthong,/ ɑ /
238,complexity,n.,Monophthong,/ ɛ /
239,compliance,n.,Diphthong,/ aɪ /
240,complication,n.,Diphthong,/ eɪ /
241,comply,v.,Diphthong,/ aɪ /
242,composition,n.,Monophthong,/ ɪ /
243,compromise,n.,Monophthong,/ ɑ /
244,compromise,v.,Monophthong,/ ɑ /
245,compute,v.,Monophthong,/ u /
246,conceal,v.,Monophthong,/ i /
247,concede,v.,Monophthong,/ i /
248,conceive,v.,Monophthong,/ i /
249,conception,n.,Monophthong,/ ɛ /
250,concession,n.,Monophthong,/ ɛ /
251,condemn,v.,Monophthong,/ ɛ /
252,confer,v.,Monophthong,/ ɝ /
253,confession,n.,Monophthong,/ ɛ /
254,configuration,n.,Diphthong,/ eɪ /
255,confine,v.,Diphthong,/ aɪ /
256,confirmation,n.,Diphthong,/ eɪ /
257,confront,v.,Monophthong,/ ʌ /
258,confrontation,n.,Diphthong,/ eɪ /
259,congratulate,v.,Monophthong,/ æ /
260,congregation,n.,Diphthong,/ eɪ /
261,congressional,adj.,Monophthong,/ ɛ /
262,conquer,v.,Monophthong,/ ɑ /
263,conscience,n.,Monophthong,/ ɑ /
264,consciousness,n.,Monophthong,/ ɑ /
265,consecutive,adj.,Monophthong,/ ɛ /
266,consensus,n.,Monophthong,/ ɛ /
267,consent,n.,Monophthong,/ ɛ /
268,consent,v.,Monophthong,/ ɛ /
269,conserve,v.,Monophthong,/ ɛ /
270,consistency,n.,Monophthong,/ ɪ /
271,consolidate,v.,Monophthong,/ ɑ /
272,constituency,n.,Monophthong,/ ɪ /
273,constitute,v.,Monophthong,/ ɑ /
274,constitution,n.,Monophthong,/ u /
275,constitutional,adj.,Monophthong,/ u /
276,constraint,n.,Diphthong,/ eɪ /
277,consultation,n.,Diphthong,/ eɪ /
278,contemplate,v.,Monophthong,/ ɑ /
279,contempt,n.,Monophthong,/ ɛ /
280,contend,v.,Monophthong,/ ɛ /
281,contender,n.,Monophthong,/ ɛ /
282,content,adj.,Monophthong,/ ɑ /
283,contention,n.,Monophthong,/ ɛ /
284,continually,adv.,Monophthong,/ ɪ /
285,contractor,n.,Monophthong,/ ɑ /
286,contradiction,n.,Monophthong,/ ɪ /
287,contrary,adj.,Monophthong,/ ɑ /
288,contrary,n.,Monophthong,/ ɑ /
289,contributor,n.,Monophthong,/ ɪ /
290,conversion,n.,Monophthong,/ ɝ /
291,convict,v.,Monophthong,/ i /
292,conviction,n.,Monophthong,/ i /
293,cooperate,v.,Monophthong,/ ɑ /
294,cooperative,adj.,Monophthong,/ ɑ /
295,coordinate,v.,Monophthong,/ ɔ /
296,coordination,n.,Diphthong,/ eɪ /
297,coordinator,n.,Monophthong,/ ɔ /
298,cop,n.,Monophthong,/ ɑ /
299,copper,n.,Monophthong,/ ɑ /
300,copyright,n.,Monophthong,/ ɑ /
301,correction,n.,Monophthong,/ ɛ /
302,correlate,v.,Monophthong,/ ɔ /
303,correlation,n.,Diphthong,/ eɪ /
304,correspond,v.,Monophthong,/ ɑ /
305,correspondence,n.,Monophthong,/ ɑ /
306,correspondent,n.,Monophthong,/ ɑ /
307,corresponding,adj.,Monophthong,/ ɑ /
308,corrupt,adj.,Monophthong,/ ʌ /
309,corruption,n.,Monophthong,/ ʌ /
310,costly,adj.,Monophthong,/ ɔ /
311,councilor,n.,Diphthong,/ aʊ
312,counseling,n.,Diphthong,/ aʊ
313,counselor,n.,Diphthong,/ aʊ
314,counter,(argue against) v.,Diphthong,/ aʊ
315,counterpart,n.,Diphthong,/ aʊ
316,countless,adj.,Diphthong,/ aʊ
317,coup,n.,Monophthong,/ u /
318,courtesy,n.,Monophthong,/ ɝ /
319,craft,v.,Monophthong,/ æ /
320,crawl,v.,Monophthong,/ ɔ /
321,creator,n.,Diphthong,/ eɪ /
322,credibility,n.,Monophthong,/ i /
323,credible,adj.,Monophthong,/ ɛ /
324,creep,v.,Monophthong,/ i /
325,critique,n.,Monophthong,/ i /
326,crown,n.,Diphthong,/ aʊ
327,crude,adj.,Monophthong,/ u /
328,crush,v.,Monophthong,/ ʌ /
329,crystal,n.,Monophthong,/ i /
330,cult,n.,Monophthong,/ ʌ /
331,cultivate,v.,Monophthong,/ ʌ /
332,curiosity,n.,Monophthong,/ ɑ /
333,custody,n.,Monophthong,/ ʌ /
334,cutting,n.,Monophthong,/ ʌ /
335,cynical,adj.,Monophthong,/ i /
336,dam,n.,Monophthong,/ æ /
337,damaging,adj.,Monophthong,/ æ /
338,dawn,n.,Monophthong,/ ɔ /
339,debris,n.,Monophthong,/ i /
340,debut,n.,Monophthong,/ u /
341,decision-making,n.,Monophthong,/ i /
342,decisive,adj.,Diphthong,/ aɪ /
343,declaration,n.,Diphthong,/ eɪ /
344,dedicated,adj.,Monophthong,/ ɛ /
345,dedication,n.,Diphthong,/ eɪ /
346,deed,n.,Monophthong,/ i /
347,deem,v.,Monophthong,/ i /
348,default,n.,Monophthong,/ ɔ /
349,defect,n.,Monophthong,/ i /
350,defensive,adj.,Monophthong,/ ɛ /
351,deficiency,n.,Monophthong,/ ɪ /
352,deficit,n.,Monophthong,/ ɛ /
353,defy,v.,Diphthong,/ aɪ /
354,delegate,n.,Monophthong,/ ɛ /
355,delegation,n.,Diphthong,/ eɪ /
356,delicate,adj.,Monophthong,/ ɛ /
357,demon,n.,Monophthong,/ i /
358,denial,n.,Diphthong,/ aɪ /
359,denounce,v.,Diphthong,/ aʊ
360,dense,adj.,Monophthong,/ ɛ /
361,density,n.,Monophthong,/ ɛ /
362,dependence,n.,Monophthong,/ ɛ /
363,depict,v.,Monophthong,/ ɪ /
364,deploy,v.,Diphthong,/ ɔɪ /
365,deployment,n.,Diphthong,/ ɔɪ /
366,deposit,v.,Monophthong,/ ɑ /
367,deprive,v.,Diphthong,/ aɪ /
368,deputy,n.,Monophthong,/ ɛ /
369,descend,v.,Monophthong,/ ɛ /
370,descent,n.,Monophthong,/ ɛ /
371,designate,v.,Monophthong,/ ɛ /
372,desirable,adj.,Diphthong,/ aɪ /
373,desktop,n.,Monophthong,/ ɛ /
374,destructive,adj.,Monophthong,/ ʌ /
375,detain,v.,Diphthong,/ eɪ /
376,detection,n.,Monophthong,/ ɛ /
377,detention,n.,Monophthong,/ ɛ /
378,deteriorate,v.,Monophthong,/ ɪ /
379,devastate,v.,Monophthong,/ ɛ /
380,devil,n.,Monophthong,/ ɛ /
381,devise,v.,Diphthong,/ aɪ /
382,diagnose,v.,Diphthong,/ aɪ /
383,diagnosis,n.,Diphthong,/ oʊ /
384,dictate,v.,Monophthong,/ ɪ /
385,dictator,n.,Monophthong,/ ɪ /
386,differentiate,v.,Monophthong,/ ɛ /
387,dignity,n.,Monophthong,/ ɪ /
388,dilemma,n.,Monophthong,/ ɛ /
389,dimension,n.,Monophthong,/ ɛ /
390,diminish,v.,Monophthong,/ ɪ /
391,dip,v.,Monophthong,/ ɪ /
392,diplomat,n.,Monophthong,/ ɪ /
393,diplomatic,n.,Monophthong,/ ɪ /
394,directory,n.,Monophthong,/ ɛ /
395,disastrous,adj.,Monophthong,/ æ /
396,discard,v.,Monophthong,/ ɑ /
397,discharge,v.,Monophthong,/ ɑ /
398,disclose,v.,Diphthong,/ oʊ /
399,disclosure,n.,Diphthong,/ oʊ /
400,discourse,n.,Monophthong,/ ɪ /
401,discretion,n.,Monophthong,/ ɛ /
402,discrimination,n.,Monophthong,/ ɪ /
403,dismissal,n.,Monophthong,/ ɪ /
404,displace,v.,Diphthong,/ eɪ /
405,disposal,n.,Diphthong,/ oʊ /
406,dispose,v.,Diphthong,/ oʊ /
407,dispute,n.,Monophthong,/ u /
408,dispute,v.,Monophthong,/ ɪ /
409,disrupt,v.,Monophthong,/ ʌ /
410,disruption,n.,Monophthong,/ ʌ /
411,dissolve,v.,Monophthong,/ ɑ /
412,distinction,n.,Monophthong,/ ɪ /
413,distinctive,adj.,Monophthong,/ ɪ /
414,distort,v.,Monophthong,/ ɔ /
415,distress,n.,Monophthong,/ ɛ /
416,distress,v.,Monophthong,/ ɛ /
417,disturbing,adj.,Monophthong,/ ɝ /
418,divert,v.,Monophthong,/ ɝ /
419,divine,adj.,Diphthong,/ aɪ /
420,doctrine,n.,Monophthong,/ ɑ /
421,documentation,n.,Diphthong,/ eɪ /
422,domain,n.,Diphthong,/ eɪ /
423,dominance,n.,Monophthong,/ ɑ /
424,donor,n.,Diphthong,/ oʊ /
425,dose,n.,Diphthong,/ oʊ /
426,drain,v.,Diphthong,/ eɪ /
427,drift,v.,Monophthong,/ ɪ /
428,driving,adj.,Diphthong,/ aɪ /
429,drown,v.,Diphthong,/ aʊ
430,dual,adj.,Monophthong,/ u /
431,dub,v.,Monophthong,/ ʌ /
432,dumb,adj.,Monophthong,/ ʌ /
433,duo,n.,Monophthong,/ u /
434,dynamic,n.,Monophthong,/ æ /
435,eager,adj.,Monophthong,/ i /
436,earnings,n.,Monophthong,/ ɝ /
437,ease,n.,Monophthong,/ i /
438,ease,v.,Monophthong,/ i /
439,echo,v.,Monophthong,/ ɛ /
440,echo,n.,Monophthong,/ ɛ /
441,ecological,adj.,Monophthong,/ ɑ /
442,educator,n.,Monophthong,/ ɛ /
443,effectiveness,n.,Monophthong,/ ɛ /
444,efficiency,n.,Monophthong,/ ɪ /
445,ego,n.,Monophthong,/ i /
446,elaborate,adj.,Monophthong,/ æ /
447,electoral,adj.,Monophthong,/ ɛ /
448,elevate,v.,Monophthong,/ ɛ /
449,eligible,adj.,Monophthong,/ ɛ /
450,elite,n.,Monophthong,/ i /
451,embark,v.,Monophthong,/ ɑ /
452,embarrassment,n.,Monophthong,/ æ /
453,embassy,n.,Monophthong,/ ɛ /
454,embed,v.,Monophthong,/ ɛ /
455,embody,v.,Monophthong,/ ɑ /
456,emergence,n.,Monophthong,/ ɛ /
457,empirical,adj.,Monophthong,/ ɛ /
458,empower,v.,Diphthong,/ aʊ
459,enact,v.,Monophthong,/ æ /
460,encompass,v.,Monophthong,/ ʌ /
461,encouragement,n.,Monophthong,/ ɝ /
462,encouraging,adj.,Monophthong,/ ɝ /
463,endeavor,n.,Monophthong,/ ɛ /
464,endless,adj.,Monophthong,/ ɛ /
465,endorse,v.,Monophthong,/ ɔ /
466,endorsement,n.,Monophthong,/ ɔ /
467,endure,v.,Monophthong,/ ʊ /
468,enforce,v.,Monophthong,/ ɔ /
469,enforcement,n.,Monophthong,/ ɔ /
470,engagement,n.,Diphthong,/ eɪ /
471,engaging,adj.,Diphthong,/ eɪ /
472,enquire,v.,Diphthong,/ aɪ /
473,enrich,v.,Monophthong,/ ɪ /
474,enroll,v.,Diphthong,/ oʊ /
475,ensue,v.,Monophthong,/ u /
476,enterprise,n.,Monophthong,/ ɛ /
477,enthusiast,n.,Monophthong,/ u /
478,entitle,v.,Diphthong,/ aɪ /
479,entity,n.,Monophthong,/ ɛ /
480,epidemic,n.,Monophthong,/ ɛ /
481,equality,n.,Monophthong,/ ɑ /
482,equation,n.,Diphthong,/ eɪ /
483,erect,v.,Monophthong,/ ɛ /
484,escalate,v.,Monophthong,/ ɛ /
485,essence,n.,Monophthong,/ ɛ /
486,establishment,n.,Monophthong,/ æ /
487,eternal,adj.,Monophthong,/ ɝ /
488,evacuate,v.,Monophthong,/ æ /
489,evoke,v.,Diphthong,/ oʊ /
490,evolutionary,adj.,Monophthong,/ u /
491,exaggerate,v.,Monophthong,/ æ /
492,excellence,n.,Monophthong,/ ɛ /
493,exceptional,adj.,Monophthong,/ ɛ /
494,excess,n.,Monophthong,/ ɛ /
495,excess,adj.,Monophthong,/ ɛ /
496,exclusion,n.,Monophthong,/ u /
497,exclusive,adj.,Monophthong,/ u /
498,exclusively,adv.,Monophthong,/ u /
499,execute,v.,Monophthong,/ ɛ /
500,execution,n.,Monophthong,/ u /
501,exert,v.,Monophthong,/ ɝ /
502,exile,n.,Monophthong,/ ɛ /
503,exit,v.,Monophthong,/ ɛ /
504,expenditure,n.,Monophthong,/ ɛ /
505,experimental,adj.,Monophthong,/ ɛ /
506,expire,v.,Diphthong,/ aɪ /
507,explicit,adj.,Monophthong,/ ɪ /
508,explicitly,adv.,Monophthong,/ ɪ /
509,exploitation,n.,Diphthong,/ eɪ /
510,explosive,adj.,Diphthong,/ oʊ /
511,explosive,n.,Diphthong,/ oʊ /
512,extract,v.,Monophthong,/ æ /
513,extremist,n.,Monophthong,/ i /
514,facilitate,v.,Monophthong,/ ɪ /
515,faction,n.,Monophthong,/ æ /
516,faculty,n.,Monophthong,/ æ /
517,fade,v.,Diphthong,/ eɪ /
518,fairness,n.,Monophthong,/ ɛ /
519,fatal,adj.,Diphthong,/ eɪ /
520,fate,n.,Diphthong,/ eɪ /
521,favourable,adj.,Diphthong,/ eɪ /
522,feat,n.,Monophthong,/ i /
523,feminist,adj.,Monophthong,/ ɛ /
524,feminist,n.,Monophthong,/ ɛ /
525,fibre,n.,Diphthong,/ aɪ /
526,fierce,adj.,Monophthong,/ ɪ /
527,film-maker,n.,Monophthong,/ ɪ /
528,filter,n.,Monophthong,/ ɪ /
529,filter,v.,Monophthong,/ ɪ /
530,fine,n.,Diphthong,/ aɪ /
531,fine,v.,Diphthong,/ aɪ /
532,firearm,n.,Diphthong,/ aɪ /
533,fit,n.,Monophthong,/ ɪ /
534,fixture,n.,Monophthong,/ ɪ /
535,flaw,n.,Monophthong,/ ɔ /
536,flawed,adj.,Monophthong,/ ɔ /
537,flee,v.,Monophthong,/ i /
538,fleet,n.,Monophthong,/ i /
539,flesh,n.,Monophthong,/ ɛ /
540,flexibility,n.,Monophthong,/ ɪ /
541,flourish,v.,Monophthong,/ ɝ /
542,fluid,n.,Monophthong,/ u /
543,footage,n.,Monophthong,/ ʊ /
544,foreigner,n.,Monophthong,/ ɔ /
545,forge,v.,Monophthong,/ ɔ /
546,formula,n.,Monophthong,/ ɔ /
547,formulate,v.,Monophthong,/ ɔ /
548,forth,adv.,Monophthong,/ ɔ /
549,forthcoming,adj.,Monophthong,/ ʌ /
550,foster,v.,Monophthong,/ ɑ /
551,fragile,adj.,Monophthong,/ æ /
552,franchise,n.,Monophthong,/ æ /
553,frankly,adv.,Monophthong,/ æ /
554,frustrated,adj.,Monophthong,/ ʌ /
555,frustrating,adj.,Monophthong,/ ʌ /
556,frustration,n.,Diphthong,/ eɪ /
557,functional,adj.,Monophthong,/ ʌ /
558,fundraising,n.,Monophthong,/ ʌ /
559,funeral,n.,Monophthong,/ u /
560,gallon,n.,Monophthong,/ æ /
561,gambling,n.,Monophthong,/ æ /
562,gathering,n.,Monophthong,/ æ /
563,gaze,n.,Diphthong,/ eɪ /
564,gaze,v.,Diphthong,/ eɪ /
565,gear,n.,Monophthong,/ ɪ /
566,generic,adj.,Monophthong,/ ɛ /
567,genocide,n.,Monophthong,/ ɛ /
568,glance,n.,Monophthong,/ æ /
569,glance,v.,Monophthong,/ æ /
570,glimpse,n.,Monophthong,/ ɪ /
571,glorious,adj.,Monophthong,/ ɔ /
572,glory,n.,Monophthong,/ ɔ /
573,governance,n.,Monophthong,/ ʌ /
574,grace,n.,Diphthong,/ eɪ /
575,grasp,v.,Monophthong,/ æ /
576,grasp,n.,Monophthong,/ æ /
577,grave,n.,Diphthong,/ eɪ /
578,grave,adj.,Diphthong,/ eɪ /
579,gravity,n.,Monophthong,/ æ /
580,grid,n.,Monophthong,/ ɪ /
581,grief,n.,Monophthong,/ i /
582,grin,v.,Monophthong,/ ɪ /
583,grin,n.,Monophthong,/ ɪ /
584,grind,v.,Diphthong,/ aɪ /
585,grip,n.,Monophthong,/ ɪ /
586,grip,v.,Monophthong,/ ɪ /
587,gross,adj.,Diphthong,/ oʊ /
588,guerrilla,n.,Monophthong,/ ɪ /
589,guidance,n.,Diphthong,/ aɪ /
590,guilt,n.,Monophthong,/ ɪ /
591,gut,n.,Monophthong,/ ʌ /
592,hail,v.,Diphthong,/ eɪ /
593,halfway,adv.,Diphthong,/ eɪ /
594,halt,v.,Monophthong,/ ɔ /
595,halt,n.,Monophthong,/ ɔ /
596,handful,n.,Monophthong,/ æ /
597,handling,n.,Monophthong,/ æ /
598,handy,adj.,Monophthong,/ æ /
599,harassment,n.,Monophthong,/ æ /
600,hardware,n.,Monophthong,/ ɑ /
601,harmony,n.,Monophthong,/ ɑ /
602,harsh,adj.,Monophthong,/ ɑ /
603,harvest,n.,Monophthong,/ ɑ /
604,harvest,v.,Monophthong,/ ɑ /
605,hatred,n.,Diphthong,/ eɪ /
606,haunt,v.,Monophthong,/ ɔ /
607,hazard,n.,Monophthong,/ æ /
608,heighten,v.,Diphthong,/ aɪ /
609,heritage,n.,Monophthong,/ ɛ /
610,hierarchy,n.,Diphthong,/ aɪ /
611,high-profile,adj.,Diphthong,/ oʊ /
612,hint,n.,Monophthong,/ ɪ /
613,homeland,n.,Diphthong,/ oʊ /
614,hook,v.,Monophthong,/ ʊ /
615,hopeful,adj.,Diphthong,/ oʊ /
616,horizon,n.,Diphthong,/ aɪ /
617,horn,n.,Monophthong,/ ɔ /
618,hostage,n.,Monophthong,/ ɑ /
619,hostile,adj.,Monophthong,/ ɑ /
620,hostility,n.,Monophthong,/ ɪ /
621,humanitarian,adj.,Monophthong,/ ɛ /
622,humanity,n.,Monophthong,/ æ /
623,humble,adj.,Monophthong,/ ʌ /
624,hydrogen,n.,Diphthong,/ aɪ /
625,identification,n.,Diphthong,/ eɪ /
626,ideological,adj.,Monophthong,/ ɑ /
627,ideology,n.,Monophthong,/ ɑ /
628,idiot,n.,Monophthong,/ ɪ /
629,ignorance,n.,Monophthong,/ ɪ /
630,imagery,n.,Monophthong,/ ɪ /
631,immense,adj.,Monophthong,/ ɛ /
632,imminent,adj.,Monophthong,/ ɪ /
633,implementation,n.,Diphthong,/ eɪ /
634,imprison,v.,Monophthong,/ ɪ /
635,imprisonment,n.,Monophthong,/ ɪ /
636,inability,n.,Monophthong,/ ɪ /
637,inadequate,adj.,Monophthong,/ æ /
638,inappropriate,adj.,Diphthong,/ oʊ /
639,incidence,n.,Monophthong,/ ɪ /
640,inclined,adj.,Diphthong,/ aɪ /
641,inclusion,n.,Monophthong,/ u /
642,incur,v.,Monophthong,/ ɝ /
643,indicator,n.,Monophthong,/ ɪ /
644,indictment,n.,Diphthong,/ aɪ /
645,indigenous,adj.,Monophthong,/ ɪ /
646,induce,v.,Monophthong,/ u /
647,indulge,v.,Monophthong,/ ʌ /
648,inequality,n.,Monophthong,/ ɑ /
649,infamous,adj.,Monophthong,/ ɪ /
650,infant,n.,Monophthong,/ ɪ /
651,infect,v.,Monophthong,/ ɛ /
652,inflict,v.,Monophthong,/ ɪ /
653,influential,adj.,Monophthong,/ ɛ /
654,inherent,adj.,Monophthong,/ ɛ /
655,inhibit,v.,Monophthong,/ ɪ /
656,initiate,v.,Monophthong,/ ɪ /
657,inject,v.,Monophthong,/ ɛ /
658,injection,n.,Monophthong,/ ɛ /
659,injustice,n.,Monophthong,/ ʌ /
660,inmate,n.,Monophthong,/ ɪ /
661,insertion,n.,Monophthong,/ ɝ /
662,insider,n.,Diphthong,/ aɪ /
663,inspect,v.,Monophthong,/ ɛ /
664,inspection,n.,Monophthong,/ ɛ /
665,inspiration,n.,Diphthong,/ eɪ /
666,instinct,n.,Monophthong,/ ɪ /
667,institutional,adj.,Monophthong,/ u /
668,instruct,v.,Monophthong,/ ʌ /
669,instrumental,adj.,Monophthong,/ ɛ /
670,insufficient,adj.,Monophthong,/ ɪ /
671,insult,n.,Monophthong,/ ɪ /
672,insult,v.,Monophthong,/ ʌ /
673,intact,adj.,Monophthong,/ æ /
674,intake,n.,Monophthong,/ ɪ /
675,integral,adj.,Monophthong,/ ɛ /
676,integrated,adj.,Monophthong,/ ɪ /
677,integration,n.,Diphthong,/ eɪ /
678,integrity,n.,Monophthong,/ ɛ /
679,intellectual,n.,Monophthong,/ ɛ /
680,intensify,v.,Monophthong,/ ɛ /
681,intensity,n.,Monophthong,/ ɛ /
682,intensive,adj.,Monophthong,/ ɛ /
683,intent,n.,Monophthong,/ ɛ /
684,interactive,adj.,Monophthong,/ æ /
685,interface,n.,Monophthong,/ ɪ /
686,interfere,v.,Monophthong,/ ɪ /
687,interference,n.,Monophthong,/ ɪ /
688,interim,adj.,Monophthong,/ ɪ /
689,interior,"adj., n.",Monophthong,/ ɪ /
690,intermediate,adj.,Monophthong,/ i /
691,intervene,v.,Monophthong,/ i /
692,intervention,n.,Monophthong,/ ɛ /
693,intimate,adj.,Monophthong,/ ɪ /
694,intriguing,adj.,Monophthong,/ i /
695,investigator,n.,Monophthong,/ ɛ /
696,invisible,adj.,Monophthong,/ ɪ /
697,invoke,v.,Diphthong,/ oʊ /
698,involvement,n.,Monophthong,/ ɑ /
699,ironic,adj.,Monophthong,/ ɑ /
700,ironically,adv.,Monophthong,/ ɑ /
701,irony,n.,Diphthong,/ aɪ /
702,irrelevant,adj.,Monophthong,/ ɛ /
703,isolation,n.,Diphthong,/ eɪ /
704,judicial,adj.,Monophthong,/ ɪ /
705,junction,n.,Monophthong,/ ʌ /
706,jurisdiction,n.,Monophthong,/ ɪ /
707,just,adj.,Monophthong,/ ʌ /
708,justification,n.,Diphthong,/ eɪ /
709,kidnap,v.,Monophthong,/ ɪ /
710,kidney,n.,Monophthong,/ ɪ /
711,kingdom,n.,Monophthong,/ ɪ /
712,lad,n.,Monophthong,/ æ /
713,landlord,n.,Monophthong,/ æ /
714,landmark,n.,Monophthong,/ æ /
715,lap,n.,Monophthong,/ æ /
716,large-scale,adj.,Diphthong,/ eɪ /
717,laser,n.,Diphthong,/ eɪ /
718,latter,adj.,Monophthong,/ æ /
719,latter,n.,Monophthong,/ æ /
720,lawn,n.,Monophthong,/ ɔ /
721,lawsuit,n.,Monophthong,/ ɔ /
722,layout,n.,Diphthong,/ eɪ /
723,leak,v.,Monophthong,/ i /
724,leak,n.,Monophthong,/ i /
725,leap,v.,Monophthong,/ i /
726,leap,n.,Monophthong,/ i /
727,legacy,n.,Monophthong,/ ɛ /
728,legendary,adj.,Monophthong,/ ɛ /
729,legislation,n.,Diphthong,/ eɪ /
730,legislative,adj.,Monophthong,/ ɛ /
731,legislature,n.,Monophthong,/ ɛ /
732,legitimate,adj.,Monophthong,/ ɪ /
733,lengthy,adj.,Monophthong,/ ɛ /
734,lesbian,adj.,Monophthong,/ ɛ /
735,lesser,adj.,Monophthong,/ ɛ /
736,lethal,adj.,Monophthong,/ i /
737,liable,adj.,Diphthong,/ aɪ /
738,liberal,adj.,Monophthong,/ ɪ /
739,liberal,n.,Monophthong,/ ɪ /
740,liberation,n.,Diphthong,/ eɪ /
741,liberty,n.,Monophthong,/ ɪ /
742,license,v.,Diphthong,/ aɪ /
743,lifelong,adj.,Diphthong,/ aɪ /
744,likelihood,n.,Diphthong,/ aɪ /
745,limb,n.,Monophthong,/ ɪ /
746,linear,adj.,Monophthong,/ ɪ /
747,line-up,n.,Diphthong,/ aɪ /
748,linger,v.,Monophthong,/ ɪ /
749,listing,n.,Monophthong,/ ɪ /
750,literacy,n.,Monophthong,/ ɪ /
751,liver,n.,Monophthong,/ ɪ /
752,lobby,n.,Monophthong,/ ɑ /
753,log,n.,Monophthong,/ ɔ /
754,log,v.,Monophthong,/ ɔ /
755,logic,n.,Monophthong,/ ɑ /
756,long-standing,adj.,Monophthong,/ æ /
757,long-time,adj.,Monophthong,/ ɔ /
758,loom,v.,Monophthong,/ u /
759,loop,n.,Monophthong,/ u /
760,loyalty,n.,Diphthong,/ ɔɪ /
761,machinery,n.,Monophthong,/ i /
762,magical,adj.,Monophthong,/ æ /
763,magistrate,n.,Monophthong,/ æ /
764,magnetic,adj.,Monophthong,/ ɛ /
765,magnitude,n.,Monophthong,/ æ /
766,mainland,n.,Diphthong,/ eɪ /
767,mainstream,n.,Diphthong,/ eɪ /
768,mainstream,adj.,Diphthong,/ eɪ /
769,maintenance,n.,Diphthong,/ eɪ /
770,mandate,n.,Monophthong,/ æ /
771,mandatory,adj.,Monophthong,/ æ /
772,manifest,v.,Monophthong,/ æ /
773,manipulate,v.,Monophthong,/ ɪ /
774,manipulation,n.,Diphthong,/ eɪ /
775,manuscript,n.,Monophthong,/ æ /
776,march,n.,Monophthong,/ ɑ /
777,march,v.,Monophthong,/ ɑ /
778,marginal,adj.,Monophthong,/ ɑ /
779,marine,adj.,Monophthong,/ i /
780,marketplace,n.,Monophthong,/ ɑ /
781,mask,n.,Monophthong,/ æ /
782,massacre,n.,Monophthong,/ æ /
783,mathematical,adj.,Monophthong,/ æ /
784,mature,adj.,Monophthong,/ ʊ /
785,mature,v.,Monophthong,/ ʊ /
786,maximize,v.,Monophthong,/ æ /
787,meaningful,adj.,Monophthong,/ i /
788,meantime,n.,Monophthong,/ i /
789,medieval,adj.,Monophthong,/ i /
790,meditation,n.,Diphthong,/ eɪ /
791,melody,n.,Monophthong,/ ɛ /
792,memo,n.,Monophthong,/ ɛ /
793,memoir,n.,Monophthong,/ ɛ /
794,memorial,n.,Monophthong,/ ɔ /
795,mentor,n.,Monophthong,/ ɛ /
796,merchant,n.,Monophthong,/ ɝ /
797,mercy,n.,Monophthong,/ ɝ /
798,mere,adj.,Monophthong,/ ɪ /
799,merely,adv.,Monophthong,/ ɪ /
800,merge,v.,Monophthong,/ ɝ /
801,merger,n.,Monophthong,/ ɝ /
802,merit,n.,Monophthong,/ ɛ /
803,methodology,n.,Monophthong,/ ɑ /
804,midst,n.,Monophthong,/ ɪ /
805,migration,n.,Diphthong,/ eɪ /
806,militant,n.,Monophthong,/ ɪ /
807,militant,adj.,Monophthong,/ ɪ /
808,militia,n.,Monophthong,/ ɪ /
809,mill,n.,Monophthong,/ ɪ /
810,minimal,adj.,Monophthong,/ ɪ /
811,minimize,v.,Monophthong,/ ɪ /
812,mining,n.,Diphthong,/ aɪ /
813,ministry,n.,Monophthong,/ ɪ /
814,minute,,Monophthong,/ ɪ /
815,miracle,n.,Monophthong,/ ɪ /
816,misery,n.,Monophthong,/ ɪ /
817,misleading,adj.,Monophthong,/ i /
818,missile,n.,Monophthong,/ ɪ /
819,mob,n.,Monophthong,/ ɑ /
820,mobility,n.,Monophthong,/ ɪ /
821,mobilize,v.,Diphthong,/ oʊ /
822,moderate,adj.,Monophthong,/ ɑ /
823,modification,n.,Diphthong,/ eɪ /
824,momentum,n.,Monophthong,/ ɛ /
825,monk,n.,Monophthong,/ ʌ /
826,monopoly,n.,Monophthong,/ ɑ /
827,morality,n.,Monophthong,/ æ /
828,motive,n.,Diphthong,/ oʊ /
829,motorist,n.,Diphthong,/ oʊ /
830,municipal,adj.,Monophthong,/ ɪ /
831,mutual,adj.,Monophthong,/ u /
832,namely,adv.,Diphthong,/ eɪ /
833,nationwide,adj.,Diphthong,/ aɪ /
834,naval,adj.,Diphthong,/ eɪ /
835,neglect,v.,Monophthong,/ ɛ /
836,neglect,n.,Monophthong,/ ɛ /
837,neighboring,adj.,Diphthong,/ eɪ /
838,nest,n.,Monophthong,/ ɛ /
839,net,adj.,Monophthong,/ ɛ /
840,newsletter,n.,Monophthong,/ u /
841,niche,n.,Monophthong,/ ɪ /
842,noble,adj.,Diphthong,/ oʊ /
843,nod,v.,Monophthong,/ ɑ /
844,nominate,v.,Monophthong,/ ɑ /
845,nomination,n.,Diphthong,/ eɪ /
846,nominee,n.,Monophthong,/ i /
847,nonetheless,adv.,Monophthong,/ ɛ /
848,non-profit,adj.,Monophthong,/ ɑ /
849,nonsense,n.,Monophthong,/ ɑ /
850,noon,n.,Monophthong,/ u /
851,notable,adj.,Diphthong,/ oʊ /
852,notably,adv.,Diphthong,/ oʊ /
853,notify,v.,Diphthong,/ oʊ /
854,notorious,adj.,Monophthong,/ ɔ /
855,novel,adj.,Monophthong,/ ɑ /
856,nursery,n.,Monophthong,/ ɝ /
857,objection,n.,Monophthong,/ ɛ /
858,oblige,v.,Diphthong,/ aɪ /
859,obsess,v.,Monophthong,/ ɛ /
860,obsession,n.,Monophthong,/ ɛ /
861,occasional,adj.,Diphthong,/ eɪ /
862,occurrence,n.,Monophthong,/ ɝ /
863,odds,n.,Monophthong,/ ɑ /
864,offering,n.,Monophthong,/ ɔ /
865,offspring,n.,Monophthong,/ ɔ /
866,operational,adj.,Diphthong,/ eɪ /
867,opt,v.,Monophthong,/ ɑ /
868,optical,adj.,Monophthong,/ ɑ /
869,optimism,n.,Monophthong,/ ɑ /
870,oral,adj.,Monophthong,/ ɔ /
871,organizational,adj.,Diphthong,/ eɪ /
872,orientation,n.,Diphthong,/ eɪ /
873,originate,v.,Monophthong,/ ɪ /
874,outbreak,n.,Diphthong,/ aʊ
875,outing,n.,Diphthong,/ aʊ
876,outlet,n.,Diphthong,/ aʊ
877,outlook,n.,Diphthong,/ aʊ
878,outrage,n.,Diphthong,/ aʊ
879,outrage,v.,Diphthong,/ aʊ
880,outsider,n.,Diphthong,/ aɪ /
881,overlook,v.,Monophthong,/ ʊ /
882,overly,adv.,Diphthong,/ oʊ /
883,oversee,v.,Monophthong,/ i /
884,overturn,v.,Monophthong,/ ɝ /
885,overwhelm,v.,Monophthong,/ ɛ /
886,overwhelming,adj.,Monophthong,/ ɛ /
887,pad,n.,Monophthong,/ æ /
888,parameter,n.,Monophthong,/ æ /
889,parental,adj.,Monophthong,/ ɛ /
890,parish,n.,Monophthong,/ æ /
891,parliamentary,adj.,Monophthong,/ ɛ /
892,partial,adj.,Monophthong,/ ɑ /
893,partially,adv.,Monophthong,/ ɑ /
894,passing,n.,Monophthong,/ æ /
895,passive,adj.,Monophthong,/ æ /
896,pastor,n.,Monophthong,/ æ /
897,patch,n.,Monophthong,/ æ /
898,patent,n.,Monophthong,/ æ /
899,pathway,n.,Monophthong,/ æ /
900,patrol,n.,Diphthong,/ oʊ /
901,patrol,v.,Diphthong,/ oʊ /
902,patron,n.,Diphthong,/ eɪ /
903,peak,n.,Monophthong,/ i /
904,peasant,n.,Monophthong,/ ɛ /
905,peculiar,adj.,Monophthong,/ u /
906,persist,v.,Monophthong,/ ɪ /
907,persistent,adj.,Monophthong,/ ɪ /
908,personnel,n.,Monophthong,/ ɛ /
909,petition,n.,Monophthong,/ ɪ /
910,philosopher,n.,Monophthong,/ ɑ /
911,philosophical,adj.,Monophthong,/ ɑ /
912,physician,n.,Monophthong,/ ɪ /
913,pioneer,n.,Monophthong,/ ɪ /
914,pipeline,n.,Diphthong,/ aɪ /
915,pirate,n.,Diphthong,/ aɪ /
916,pit,n.,Monophthong,/ ɪ /
917,plea,n.,Monophthong,/ i /
918,plead,v.,Monophthong,/ i /
919,pledge,v.,Monophthong,/ ɛ /
920,pledge,n.,Monophthong,/ ɛ /
921,plug,v.,Monophthong,/ ʌ /
922,plug,n.,Monophthong,/ ʌ /
923,plunge,v.,Monophthong,/ ʌ /
924,pole,n.,Diphthong,/ oʊ /
925,poll,n.,Diphthong,/ oʊ /
926,pond,n.,Monophthong,/ ɑ /
927,pop,v.,Monophthong,/ ɑ /
928,portfolio,n.,Diphthong,/ oʊ /
929,portray,v.,Diphthong,/ eɪ /
930,postpone,v.,Diphthong,/ oʊ /
931,post-war,adj.,Diphthong,/ oʊ /
932,practitioner,n.,Monophthong,/ ɪ /
933,preach,v.,Monophthong,/ i /
934,precedent,n.,Monophthong,/ ɛ /
935,precision,n.,Monophthong,/ ɪ /
936,predator,n.,Monophthong,/ ɛ /
937,predecessor,n.,Monophthong,/ ɛ /
938,predominantly,adv.,Monophthong,/ ɑ /
939,pregnancy,n.,Monophthong,/ ɛ /
940,prejudice,n.,Monophthong,/ ɛ /
941,preliminary,adj.,Monophthong,/ ɪ /
942,premier,n.,Monophthong,/ ɪ /
943,premise,n.,Monophthong,/ ɛ /
944,premium,n.,Monophthong,/ i /
945,prescribe,v.,Diphthong,/ aɪ /
946,prescription,n.,Monophthong,/ ɪ /
947,presently,adv.,Monophthong,/ ɛ /
948,preservation,n.,Monophthong,/ ɛ /
949,preside,v.,Diphthong,/ aɪ /
950,presidency,n.,Monophthong,/ ɛ /
951,presidential,adj.,Monophthong,/ ɛ /
952,prestigious,adj.,Monophthong,/ i /
953,presumably,adv.,Monophthong,/ u /
954,presume,v.,Monophthong,/ u /
955,prevail,v.,Diphthong,/ eɪ /
956,prevalence,n.,Monophthong,/ ɛ /
957,prevention,n.,Monophthong,/ ɛ /
958,prey,n.,Diphthong,/ eɪ /
959,principal,n.,Monophthong,/ ɪ /
960,privatization,n.,Diphthong,/ aɪ /
961,privilege,n.,Monophthong,/ ɪ /
962,probe,n.,Diphthong,/ oʊ /
963,probe,v.,Diphthong,/ oʊ /
964,problematic,adj.,Monophthong,/ æ /
965,proceedings,n.,Monophthong,/ i /
966,proceeds,n.,Diphthong,/ oʊ /
967,processing,n.,Monophthong,/ ɑ /
968,processor,n.,Monophthong,/ ɑ /
969,proclaim,v.,Monophthong,/ eɪ /
970,productive,adj.,Monophthong,/ ʌ /
971,productivity,n.,Diphthong,/ oʊ /
972,profitable,adj.,Monophthong,/ ɑ /
973,profound,adj.,Diphthong,/ aʊ
974,projection,n.,Monophthong,/ ɛ /
975,prominent,adj.,Monophthong,/ ɑ /
976,pronounced,adj.,Diphthong,/ aʊ
977,propaganda,n.,Monophthong,/ ɑ /
978,proposition,n.,Monophthong,/ ɪ /
979,prosecute,v.,Monophthong,/ ɑ /
980,prosecution,n.,Monophthong,/ ɑ /
981,prosecutor,n.,Monophthong,/ ɑ /
982,prospective,adj.,Monophthong,/ ɛ /
983,prosperity,n.,Monophthong,/ ɛ /
984,protective,adj.,Monophthong,/ ɛ /
985,protocol,n.,Diphthong,/ oʊ /
986,province,n.,Monophthong,/ ɑ /
987,provincial,adj.,Monophthong,/ ɪ /
988,provision,n.,Monophthong,/ ɪ /
989,provoke,v.,Diphthong,/ oʊ /
990,psychiatric,adj.,Monophthong,/ æ /
991,pulse,n.,Monophthong,/ ʌ /
992,pump,v.,Monophthong,/ ʌ /
993,punch,n.,Monophthong,/ ʌ /
994,query,n.,Monophthong,/ ɪ /
995,quest,n.,Monophthong,/ ɛ /
996,quota,n.,Diphthong,/ oʊ /
997,radar,n.,Diphthong,/ eɪ /
998,radical,adj.,Monophthong,/ æ /
999,rage,n.,Diphthong,/ eɪ /
1000,raid,n.,Diphthong,/ eɪ /
1001,rally,n.,Monophthong,/ æ /
1002,ranking,n.,Monophthong,/ æ /
1003,rape,v.,Diphthong,/ eɪ /
1004,ratio,n.,Diphthong,/ eɪ /
1005,rational,adj.,Monophthong,/ æ /
1006,ray,n.,Diphthong,/ eɪ /
1007,readily,adv.,Monophthong,/ ɛ /
1008,realization,n.,Diphthong,/ eɪ /
1009,realm,n.,Monophthong,/ ɛ /
1010,rear,adj.,Monophthong,/ ɪ /
1011,rear,n.,Monophthong,/ ɪ /
1012,reasoning,n.,Monophthong,/ i /
1013,reassure,v.,Monophthong,/ ʊ /
1014,rebel,n.,Monophthong,/ ɛ /
1015,rebellion,n.,Monophthong,/ ɛ /
1016,recipient,n.,Monophthong,/ ɪ /
1017,reconstruction,n.,Monophthong,/ ʌ /
1018,recount1,v.,Diphthong,/ aʊ
1019,referendum,n.,Monophthong,/ ɛ /
1020,reflection,n.,Monophthong,/ ɛ /
1021,reform,"n., v.",Monophthong,/ ɔ /
1022,refuge,n.,Monophthong,/ ɛ /
1023,refusal,n.,Monophthong,/ u /
1024,regain,v.,Monophthong,/ eɪ /
1025,regardless,adv.,Monophthong,/ ɑ /
1026,regime,n.,Monophthong,/ i /
1027,regulator,n.,Monophthong,/ ɛ /
1028,regulatory,adj.,Monophthong,/ ɛ /
1029,rehabilitation,n.,Monophthong,/ ɪ /
1030,reign,n.,Diphthong,/ eɪ /
1031,reign,v.,Diphthong,/ eɪ /
1032,rejection,n.,Monophthong,/ ɛ /
1033,relevance,n.,Monophthong,/ ɛ /
1034,reliability,n.,Monophthong,/ ɪ /
1035,reluctant,adj.,Monophthong,/ ʌ /
1036,remainder,n.,Diphthong,/ eɪ /
1037,remains,n.,Diphthong,/ eɪ /
1038,remedy,n.,Monophthong,/ ɛ /
1039,reminder,n.,Diphthong,/ aɪ /
1040,removal,n.,Monophthong,/ u /
1041,render,v.,Monophthong,/ ɛ /
1042,renew,v.,Monophthong,/ u /
1043,renowned,adj.,Diphthong,/ aʊ
1044,rental,n.,Monophthong,/ ɛ /
1045,replacement,n.,Diphthong,/ eɪ /
1046,reportedly,adv.,Monophthong,/ ɔ /
1047,representation,n.,Diphthong,/ eɪ /
1048,reproduce,v.,Monophthong,/ u /
1049,reproduction,n.,Monophthong,/ ʌ /
1050,republic,n.,Monophthong,/ ʌ /
1051,resemble,v.,Monophthong,/ ɛ /
1052,reside,v.,Diphthong,/ aɪ /
1053,residence,n.,Monophthong,/ ɛ /
1054,residential,adj.,Monophthong,/ ɛ /
1055,residue,n.,Monophthong,/ ɛ /
1056,resignation,n.,Diphthong,/ eɪ /
1057,resistance,n.,Monophthong,/ ɪ /
1058,respective,adj.,Monophthong,/ ɛ /
1059,respectively,adv.,Monophthong,/ ɛ /
1060,restoration,n.,Diphthong,/ eɪ /
1061,restraint,n.,Diphthong,/ eɪ /
1062,resume,v.,Monophthong,/ u /
1063,retreat,n.,Monophthong,/ i /
1064,retreat,v.,Monophthong,/ i /
1065,retrieve,v.,Monophthong,/ i /
1066,revelation,n.,Diphthong,/ eɪ /
1067,revenge,n.,Monophthong,/ ɛ /
1068,reverse,v.,Monophthong,/ ɝ /
1069,revival,n.,Diphthong,/ aɪ /
1070,revive,v.,Diphthong,/ aɪ /
1071,revolutionary,adj.,Monophthong,/ u /
1072,rhetoric,n.,Monophthong,/ ɛ /
1073,rifle,n.,Diphthong,/ aɪ /
1074,riot,n.,Diphthong,/ aɪ /
1075,rip,v.,Monophthong,/ ɪ /
1076,ritual,n.,Monophthong,/ ɪ /
1077,robust,adj.,Monophthong,/ ʌ /
1078,rock,v.,Monophthong,/ ɑ /
1079,rod,n.,Monophthong,/ ɑ /
1080,rotate,v.,Diphthong,/ oʊ /
1081,rotation,n.,Diphthong,/ eɪ /
1082,ruling,n.,Monophthong,/ u /
1083,rumor,n.,Monophthong,/ u /
1084,sack,v.,Monophthong,/ æ /
1085,sacred,adj.,Diphthong,/ eɪ /
1086,sacrifice,n.,Monophthong,/ æ /
1087,sacrifice,v.,Monophthong,/ æ /
1088,saint,n.,Diphthong,/ eɪ /
1089,sake,n.,Diphthong,/ eɪ /
1090,sanction,n.,Monophthong,/ æ /
1091,say,n.,Diphthong,/ eɪ /
1092,scattered,adj.,Monophthong,/ æ /
1093,skeptical,adj.,Monophthong,/ ɛ /
1094,scope,n.,Diphthong,/ oʊ /
1095,screw,n.,Monophthong,/ u /
1096,scrutiny,n.,Monophthong,/ u /
1097,seal,v.,Monophthong,/ i /
1098,seal,n.,Monophthong,/ i /
1099,secular,adj.,Monophthong,/ ɛ /
1100,seemingly,adv.,Monophthong,/ i /
1101,segment,n.,Monophthong,/ ɛ /
1102,seize,v.,Monophthong,/ i /
1103,seldom,adv.,Monophthong,/ ɛ /
1104,selective,adj.,Monophthong,/ ɛ /
1105,senator,n.,Monophthong,/ ɛ /
1106,sensation,n.,Diphthong,/ eɪ /
1107,sensitivity,n.,Monophthong,/ ɪ /
1108,sentiment,n.,Monophthong,/ ɛ /
1109,separation,n.,Diphthong,/ eɪ /
1110,serial,adj.,Monophthong,/ ɪ /
1111,settlement,n.,Monophthong,/ ɛ /
1112,set-up,n.,Monophthong,/ ɛ /
1113,sexuality,n.,Monophthong,/ æ /
1114,shareholder,n.,Monophthong,/ ɝ /
1115,shatter,v.,Monophthong,/ æ /
1116,shed,v.,Monophthong,/ ɛ /
1117,sheer,adj.,Monophthong,/ ɪ /
1118,shipping,n.,Monophthong,/ ɪ /
1119,shoot,n.,Monophthong,/ u /
1120,shrink,v.,Monophthong,/ ɪ /
1121,shrug,v.,Monophthong,/ ʌ /
1122,sigh,v.,Diphthong,/ aɪ /
1123,sigh,n.,Diphthong,/ aɪ /
1124,simulate,v.,Monophthong,/ ɪ /
1125,simulation,n.,Diphthong,/ eɪ /
1126,simultaneously,adv.,Diphthong,/ eɪ /
1127,sin,n.,Monophthong,/ ɪ /
1128,situated,adj.,Monophthong,/ ɪ /
1129,sketch,n.,Monophthong,/ ɛ /
1130,skip,v.,Monophthong,/ ɪ /
1131,slam,v.,Monophthong,/ æ /
1132,slap,v.,Monophthong,/ æ /
1133,slash,v.,Monophthong,/ æ /
1134,slavery,n.,Diphthong,/ eɪ /
1135,slot,n.,Monophthong,/ ɑ /
1136,smash,v.,Monophthong,/ æ /
1137,snap,v.,Monophthong,/ æ /
1138,soak,v.,Diphthong,/ oʊ /
1139,soar,v.,Monophthong,/ ɔ /
1140,socialist,adj.,Diphthong,/ oʊ /
1141,sole,adj.,Diphthong,/ oʊ /
1142,solely,adv.,Diphthong,/ oʊ /
1143,solicitor,n.,Monophthong,/ ɪ /
1144,solidarity,n.,Monophthong,/ æ /
1145,solo,n.,Diphthong,/ oʊ /
1146,sound,adj.,Diphthong,/ aʊ
1147,sovereignty,n.,Monophthong,/ ɑ /
1148,spam,n.,Monophthong,/ æ /
1149,span,v.,Monophthong,/ æ /
1150,span,n.,Monophthong,/ æ /
1151,spare,v.,Monophthong,/ ɛ /
1152,spark,v.,Monophthong,/ ɑ /
1153,specialized,adj.,Monophthong,/ ɛ /
1154,specification,n.,Diphthong,/ eɪ /
1155,specimen,n.,Monophthong,/ ɛ /
1156,spectacle,n.,Monophthong,/ ɛ /
1157,spectrum,n.,Monophthong,/ ɛ /
1158,spell,n.,Monophthong,/ ɛ /
1159,sphere,n.,Monophthong,/ ɪ /
1160,spin,v.,Monophthong,/ ɪ /
1161,spin,n.,Monophthong,/ ɪ /
1162,spine,n.,Diphthong,/ aɪ /
1163,spotlight,n.,Monophthong,/ ɑ /
1164,spouse,n.,Diphthong,/ aʊ
1165,spy,n.,Diphthong,/ aɪ /
1166,squad,n.,Monophthong,/ ɑ /
1167,squeeze,v.,Monophthong,/ i /
1168,stab,v.,Monophthong,/ æ /
1169,stability,n.,Monophthong,/ ɪ /
1170,stabilize,v.,Diphthong,/ eɪ /
1171,stake,n.,Diphthong,/ eɪ /
1172,standing,adj.,Monophthong,/ æ /
1173,stark,adj.,Monophthong,/ ɑ /
1174,statistical,adj.,Monophthong,/ ɪ /
1175,steer,v.,Monophthong,/ ɪ /
1176,stem,n.,Monophthong,/ ɛ /
1177,stem,v.,Monophthong,/ ɛ /
1178,stereotype,n.,Monophthong,/ ɛ /
1179,stimulus,n.,Monophthong,/ ɪ /
1180,stir,v.,Monophthong,/ ɝ /
1181,storage,n.,Monophthong,/ ɔ /
1182,straightforward,adj.,Monophthong,/ ɔ /
1183,strain,n.,Diphthong,/ eɪ /
1184,strand,n.,Monophthong,/ æ /
1185,strategic,adj.,Monophthong,/ i /
1186,striking,adj.,Diphthong,/ aɪ /
1187,strip,(long narrow piece) n.,Monophthong,/ ɪ /
1188,strip,(remove clothes/a layer) v.,Monophthong,/ ɪ /
1189,strive,v.,Diphthong,/ aɪ /
1190,structural,adj.,Monophthong,/ ʌ /
1191,stumble,v.,Monophthong,/ ʌ /
1192,stun,v.,Monophthong,/ ʌ /
1193,submission,n.,Monophthong,/ ɪ /
1194,subscriber,n.,Diphthong,/ aɪ /
1195,subscription,n.,Monophthong,/ ɪ /
1196,subsidy,n.,Monophthong,/ ʌ /
1197,substantial,adj.,Monophthong,/ æ /
1198,substantially,adv.,Monophthong,/ æ /
1199,substitute,n.,Monophthong,/ ʌ /
1200,substitute,v.,Monophthong,/ ʌ /
1201,substitution,n.,Monophthong,/ u /
1202,subtle,adj.,Monophthong,/ ʌ /
1203,suburban,adj.,Monophthong,/ ɝ /
1204,succession,n.,Monophthong,/ ɛ /
1205,successive,adj.,Monophthong,/ ɛ /
1206,successor,n.,Monophthong,/ ɛ /
1207,suck,v.,Monophthong,/ ʌ /
1208,sue,v.,Monophthong,/ u /
1209,suicide,n.,Monophthong,/ u /
1210,suite,n.,Monophthong,/ i /
1211,summit,n.,Monophthong,/ ʌ /
1212,superb,adj.,Monophthong,/ ɝ /
1213,superior,adj.,Monophthong,/ ɪ /
1214,supervise,v.,Monophthong,/ u /
1215,supervision,n.,Monophthong,/ ɪ /
1216,supervisor,n.,Monophthong,/ u /
1217,supplement,n.,Monophthong,/ ʌ /
1218,supplement,v.,Monophthong,/ ʌ /
1219,supportive,adj.,Monophthong,/ ɔ /
1220,supposedly,adv.,Diphthong,/ oʊ /
1221,suppress,v.,Monophthong,/ ɛ /
1222,supreme,adj.,Monophthong,/ i /
1223,surge,n.,Monophthong,/ ɝ /
1224,surge,v.,Monophthong,/ ɝ /
1225,surgical,adj.,Monophthong,/ ɝ /
1226,surplus,n.,Monophthong,/ ɝ /
1227,surrender,v.,Monophthong,/ ɛ /
1228,surveillance,n.,Diphthong,/ eɪ /
1229,suspension,n.,Monophthong,/ ɛ /
1230,suspicion,n.,Monophthong,/ ɪ /
1231,suspicious,adj.,Monophthong,/ ɪ /
1232,sustain,v.,Diphthong,/ eɪ /
1233,swing,n.,Monophthong,/ ɪ /
1234,sword,n.,Monophthong,/ ɔ /
1235,symbolic,adj.,Monophthong,/ ɑ /
1236,syndrome,n.,Monophthong,/ ɪ /
1237,synthesis,n.,Monophthong,/ ɪ /
1238,systematic,adj.,Monophthong,/ æ /
1239,tackle,n.,Monophthong,/ æ /
1240,tactic,n.,Monophthong,/ æ /
1241,tactical,adj.,Monophthong,/ æ /
1242,taxpayer,n.,Monophthong,/ æ /
1243,tempt,v.,Monophthong,/ ɛ /
1244,tenant,n.,Monophthong,/ ɛ /
1245,tender,adj.,Monophthong,/ ɛ /
1246,tenure,n.,Monophthong,/ ɛ /
1247,terminal,adj.,Monophthong,/ ɝ /
1248,terminate,v.,Monophthong,/ ɝ /
1249,terrain,n.,Diphthong,/ eɪ /
1250,terrific,adj.,Monophthong,/ ɪ /
1251,testify,v.,Monophthong,/ ɛ /
1252,testimony,n.,Monophthong,/ ɛ /
1253,texture,n.,Monophthong,/ ɛ /
1254,thankfully,adv.,Monophthong,/ æ /
1255,theatrical,adj.,Monophthong,/ æ /
1256,theology,n.,Monophthong,/ ɑ /
1257,theoretical,adj.,Monophthong,/ ɛ /
1258,thereafter,adv.,Monophthong,/ æ /
1259,thereby,adv.,Diphthong,/ aɪ /
1260,thoughtful,adj.,Monophthong,/ ɔ /
1261,thought-provoking,adj.,Monophthong,/ ɔ /
1262,thread,n.,Monophthong,/ ɛ /
1263,threshold,n.,Monophthong,/ ɛ /
1264,thrilled,adj.,Monophthong,/ ɪ /
1265,thrive,v.,Diphthong,/ aɪ /
1266,tide,n.,Diphthong,/ aɪ /
1267,tighten,v.,Diphthong,/ aɪ /
1268,timber,n.,Monophthong,/ ɪ /
1269,timely,adj.,Diphthong,/ aɪ /
1270,tobacco,n.,Monophthong,/ æ /
1271,tolerance,n.,Monophthong,/ ɑ /
1272,tolerate,v.,Monophthong,/ ɑ /
1273,toll,n.,Diphthong,/ oʊ /
1274,top,v.,Monophthong,/ ɑ /
1275,torture,n.,Monophthong,/ ɔ /
1276,toss,v.,Monophthong,/ ɔ /
1277,total,v.,Diphthong,/ oʊ /
1278,toxic,adj.,Monophthong,/ ɑ /
1279,trace,n.,Diphthong,/ eɪ /
1280,trademark,n.,Diphthong,/ eɪ /
1281,trail,n.,Diphthong,/ eɪ /
1282,trail,v.,Diphthong,/ eɪ /
1283,trailer,n.,Diphthong,/ eɪ /
1284,transaction,n.,Monophthong,/ æ /
1285,transcript,n.,Monophthong,/ æ /
1286,transformation,n.,Diphthong,/ eɪ /
1287,transit,n.,Monophthong,/ æ /
1288,transmission,n.,Monophthong,/ ɪ /
1289,transparency,n.,Monophthong,/ æ /
1290,transparent,adj.,Monophthong,/ æ /
1291,trauma,n.,Diphthong,/ aʊ
1292,treaty,n.,Monophthong,/ i /
1293,tremendous,adj.,Monophthong,/ ɛ /
1294,tribal,adj.,Diphthong,/ aɪ /
1295,tribunal,n.,Monophthong,/ u /
1296,tribute,n.,Monophthong,/ ɪ /
1297,trigger,n.,Monophthong,/ ɪ /
1298,trio,n.,Monophthong,/ i /
1299,triumph,n.,Diphthong,/ aɪ /
1300,trophy,n.,Diphthong,/ oʊ /
1301,troubled,adj.,Monophthong,/ ʌ /
1302,trustee,n.,Monophthong,/ i /
1303,tuition,n.,Monophthong,/ ɪ /
1304,turnout,n.,Monophthong,/ ɝ /
1305,turnover,n.,Monophthong,/ ɝ /
1306,twist,v.,Monophthong,/ ɪ /
1307,undergraduate,n.,Monophthong,/ æ /
1308,underlying,adj.,Monophthong,/ ʌ /
1309,undermine,v.,Diphthong,/ aɪ /
1310,undoubtedly,adv.,Diphthong,/ aʊ
1311,unify,v.,Monophthong,/ u /
1312,unprecedented,adj.,Monophthong,/ ɛ /
1313,unveil,v.,Diphthong,/ eɪ /
1314,upcoming,adj.,Monophthong,/ ʌ /
1315,upgrade,v.,Diphthong,/ eɪ /
1316,uphold,v.,Diphthong,/ oʊ /
1317,utility,n.,Monophthong,/ ɪ /
1318,utilize,v.,Monophthong,/ u /
1319,utterly,adv.,Monophthong,/ ʌ /
1320,vacuum,n.,Monophthong,/ æ /
1321,vague,adj.,Diphthong,/ eɪ /
1322,validity,n.,Monophthong,/ ɪ /
1323,vanish,v.,Monophthong,/ æ /
1324,variable,n.,Monophthong,/ ɛ /
1325,variable,adj.,Monophthong,/ ɛ /
1326,varied,adj.,Monophthong,/ ɛ /
1327,vein,n.,Diphthong,/ eɪ /
1328,venture,n.,Monophthong,/ ɛ /
1329,venture,v.,Monophthong,/ ɛ /
1330,verbal,adj.,Monophthong,/ ɝ /
1331,verdict,n.,Monophthong,/ ɝ /
1332,verify,v.,Monophthong,/ ɛ /
1333,verse,n.,Monophthong,/ ɝ /
1334,versus,prep.,Monophthong,/ ɝ /
1335,vessel,n.,Monophthong,/ ɛ /
1336,veteran,n.,Monophthong,/ ɛ /
1337,viable,adj.,Diphthong,/ aɪ /
1338,vibrant,adj.,Diphthong,/ aɪ /
1339,vice,n.,Diphthong,/ aɪ /
1340,vicious,adj.,Monophthong,/ ɪ /
1341,villager,n.,Monophthong,/ ɪ /
1342,violate,v.,Diphthong,/ aɪ /
1343,violation,n.,Diphthong,/ eɪ /
1344,virtue,n.,Monophthong,/ ɝ /
1345,vocal,adj.,Diphthong,/ oʊ /
1346,vow,v.,Diphthong,/ aʊ
1347,vulnerability,n.,Monophthong,/ ɪ /
1348,vulnerable,adj.,Monophthong,/ ʌ /
1349,ward,n.,Monophthong,/ ɔ /
1350,warehouse,n.,Diphthong,/ aʊ
1351,warfare,n.,Monophthong,/ ɛ /
1352,warrant,n.,Monophthong,/ ɔ /
1353,warrant,v.,Monophthong,/ ɔ /
1354,warrior,n.,Monophthong,/ ɔ /
1355,weaken,v.,Monophthong,/ i /
1356,weave,v.,Monophthong,/ i /
1357,weed,n.,Monophthong,/ i /
1358,well,n.,Monophthong,/ ɛ /
1359,well-being,n.,Monophthong,/ ɛ /
1360,whatsoever,adv.,Monophthong,/ ɛ /
1361,whereby,adv.,Diphthong,/ aɪ /
1362,whilst,conj.,Diphthong,/ aɪ /
1363,whip,v.,Monophthong,/ ɪ /
1364,wholly,adv.,Diphthong,/ oʊ /
1365,widen,v.,Diphthong,/ aɪ /
1366,widow,n.,Monophthong,/ ɪ /
1367,width,n.,Monophthong,/ ɪ /
1368,willingness,n.,Monophthong,/ ɪ /
1369,wipe,v.,Diphthong,/ aɪ /
1370,wit,n.,Monophthong,/ ɪ /
1371,withdrawal,n.,Monophthong,/ ɔ /
1372,workout,n.,Monophthong,/ ɝ /
1373,worship,n.,Monophthong,/ ɝ /
1374,worship,v.,Monophthong,/ ɝ /
1375,worthwhile,adj.,Diphthong,/ aɪ /
1376,worthy,adj.,Monophthong,/ ɝ /
1377,yell,v.,Monophthong,/ ɛ /
1378,yield,n.,Monophthong,/ i /
1379,yield,v.,Monophthong,/ i /
1380,youngster,n.,Monophthong,/ ʌ /
